city,state,population
Aberdeen ,SD,"24,460"
Abilene ,TX,"116,484"
Addison,IL,"36,917"
Adelanto ,CA,"28,553"
Agawam ,MA,"28,091"
Aiken ,SC,"29,434"
Akron ,OH,"207,510"
Alabaster ,AL,"29,352"
Alameda ,CA,"70,580"
Alamogordo ,NM,"35,757"
Albany ,NY,"93,539"
Albuquerque ,NM,"521,999"
Alexandria ,VA,"143,885"
Algonquin,IL,"30,352"
Alhambra ,CA,"85,953"
Aliso Viejo ,CA,"41,572"
Allen ,TX,"81,268"
Allen Park ,MI,"26,014"
Allentown ,PA,"107,250"
Alpharetta ,GA,"49,903"
Altamonte Springs ,FL,"39,947"
Alton ,IL,"29,393"
Altoona ,PA,"46,144"
Amarillo ,TX,"187,236"
American Fork ,UT,"27,064"
Ames ,IA,"56,510"
Anaheim ,CA,"335,288"
Anchorage,AK,"279,243"
Anderson ,IN,"57,282"
Andover ,MN,"30,442"
Ankeny ,IA,"42,287"
Ann Arbor ,MI,"114,386"
Annapolis ,MD,"36,524"
Anniston ,AL,"23,662"
Antioch ,CA,"100,219"
Apache Junction ,AZ,"32,776"
Apex,NC,"33,075"
Apopka ,FL,"37,935"
Apple Valley,CA,"70,200"
Apple Valley ,MN,"50,004"
Appleton ,WI,"70,305"
Arcadia ,CA,"56,248"
Ardmore ,OK,"24,810"
Arlington,VA,"209,969"
Arlington ,TX,"374,417"
Arlington Heights,IL,"73,399"
Arvada ,CO,"107,361"
Asheboro ,NC,"24,609"
Asheville ,NC,"74,543"
Atascadero ,CA,"28,452"
Athens,GA,"113,398"
Atlanta ,GA,"537,958"
Atlantic City ,NJ,"39,408"
Attleboro ,MA,"42,833"
Atwater ,CA,"26,565"
Auburn ,AL,"56,088"
Augusta,GA,"194,149"
Aurora ,CO,"319,057"
Austin ,TX,"757,688"
Aventura ,FL,"29,254"
Avon Lake ,OH,"23,996"
Avondale ,AZ,"81,299"
Azusa ,CA,"46,847"
Bakersfield ,CA,"321,078"
Baldwin Park ,CA,"77,380"
Ballwin ,MO,"30,033"
Baltimore ,MD,"636,919"
Bangor ,ME,"31,756"
Banning ,CA,"28,917"
Barberton ,OH,"26,581"
Barnstable Town ,MA,"46,184"
Barstow ,CA,"24,596"
Bartlesville ,OK,"35,914"
Bartlett,IL,"42,209"
Bartlett ,TN,"47,501"
Batavia ,IL,"27,502"
Baton Rouge ,LA,"223,689"
Battle Creek ,MI,"52,053"
Bay City ,MI,"33,874"
Bayonne ,NJ,"57,448"
Baytown ,TX,"70,330"
Beaumont ,TX,"110,553"
Beavercreek ,OH,"39,909"
Beaverton ,OR,"91,757"
Bedford ,TX,"49,155"
Bell ,CA,"36,657"
Bell Gardens ,CA,"44,692"
Belleville ,IL,"41,097"
Bellevue ,WA,"123,771"
Bellflower ,CA,"73,033"
Bellingham ,WA,"78,905"
Belmont ,CA,"24,776"
Beloit ,WI,"36,160"
Belton ,MO,"24,591"
Belvidere ,IL,"26,461"
Bend ,OR,"77,181"
Benicia ,CA,"26,174"
Benton ,AR,"29,452"
Bentonville ,AR,"35,526"
Bergenfield,NJ,"25,611"
Berkeley ,CA,"101,371"
Berwyn ,IL,"49,919"
Bessemer ,AL,"28,542"
Bethel Park,PA,"31,562"
Bethlehem ,PA,"72,241"
Bettendorf ,IA,"32,584"
Beverly ,MA,"39,343"
Beverly Hills ,CA,"34,445"
Big Spring ,TX,"24,270"
Billings ,MT,"103,994"
Biloxi ,MS,"45,670"
Binghamton ,NY,"44,729"
Birmingham ,AL,"228,798"
Bismarck ,ND,"60,389"
Blacksburg,VA,"41,796"
Blaine ,MN,"55,042"
Bloomington ,MN,"81,280"
Blue Springs ,MO,"55,698"
Boca Raton ,FL,"85,670"
Boise City ,ID,"205,314"
Bolingbrook,IL,"70,823"
Bonita Springs ,FL,"42,730"
Bossier City ,LA,"62,384"
Boston ,MA,"609,023"
Bothell ,WA,"32,307"
Boulder ,CO,"94,171"
Bountiful ,UT,"44,473"
Bowie ,MD,"52,544"
Bowling Green ,KY,"55,097"
Boynton Beach ,FL,"68,291"
Bozeman ,MT,"39,442"
Bradenton ,FL,"53,513"
Brea ,CA,"38,314"
Bremerton ,WA,"36,006"
Brentwood ,CA,"49,480"
Bridgeport ,CT,"136,405"
Bridgeton ,NJ,"24,742"
Brighton ,CO,"31,380"
Bristol ,CT,"60,927"
Brockton ,MA,"93,007"
Broken Arrow ,OK,"92,931"
Brookfield ,WI,"39,020"
Brooklyn Center ,MN,"27,402"
Brooklyn Park ,MN,"71,308"
Broomfield ,CO,"54,858"
Brownsville ,TX,"175,494"
Brunswick ,OH,"34,711"
Bryan ,TX,"72,357"
Buckeye,AZ,"47,261"
Buena Park ,CA,"79,379"
Buffalo ,NY,"270,919"
Buffalo Grove,IL,"42,972"
Bullhead City ,AZ,"40,868"
Burbank ,CA,"102,968"
Burien ,WA,"31,316"
Burleson ,TX,"34,908"
Burlingame ,CA,"27,706"
Burlington ,VT,"38,897"
Burnsville ,MN,"59,139"
Burton ,MI,"29,845"
Butte-Silver Bow,MT,"32,119"
Cabot ,AR,"23,614"
Caldwell ,ID,"42,331"
Caledonia,WI,"24,220"
Calexico ,CA,"38,344"
Calumet City ,IL,"36,800"
Camarillo ,CA,"63,324"
Cambridge ,MA,"105,596"
Camden ,NJ,"79,383"
Campbell ,CA,"38,617"
Canton ,OH,"78,362"
Cape Coral ,FL,"156,835"
Cape Girardeau ,MO,"37,370"
Carbondale ,IL,"26,231"
Carlsbad ,CA,"96,374"
Carmel ,IN,"66,769"
Carol Stream,IL,"40,004"
Carpentersville,IL,"37,741"
Carrollton ,TX,"125,595"
Carson ,CA,"92,366"
Carson City,NV,"54,867"
Carteret,NJ,"23,367"
Cary,NC,"129,545"
Casa Grande ,AZ,"41,152"
Casper ,WY,"54,047"
Casselberry ,FL,"24,759"
Castle Rock,CO,"44,369"
Cathedral City ,CA,"52,095"
Cedar City ,UT,"28,667"
Cedar Falls ,IA,"38,059"
Cedar Hill ,TX,"44,786"
Cedar Park ,TX,"62,308"
Cedar Rapids ,IA,"128,056"
Centennial ,CO,"99,680"
Ceres ,CA,"42,690"
Cerritos ,CA,"51,326"
Champaign ,IL,"79,389"
Champlin ,MN,"23,503"
Chandler ,AZ,"247,140"
Chanhassen ,MN,"23,480"
Chapel Hill,NC,"52,542"
Charleston ,SC,"111,978"
Charleston ,WV,"50,302"
Charlotte ,NC,"687,456"
Charlottesville ,VA,"41,487"
Chaska ,MN,"24,116"
Chattanooga ,TN,"170,880"
Chelsea ,MA,"41,577"
Chesapeake ,VA,"220,111"
Chester ,PA,"36,564"
Chesterfield ,MO,"46,064"
Cheyenne ,WY,"56,915"
Chicago ,IL,"2,853,114"
Chicago Heights ,IL,"30,586"
Chico ,CA,"83,791"
Chicopee ,MA,"54,941"
Chino ,CA,"83,031"
Chino Hills ,CA,"73,879"
Chula Vista ,CA,"219,318"
Cicero,IL,"80,414"
Cincinnati ,OH,"333,336"
Citrus Heights ,CA,"84,432"
Claremont ,CA,"35,470"
Clarksville ,TN,"119,735"
Clearfield ,UT,"27,851"
Clearwater ,FL,"105,774"
Cleburne ,TX,"29,889"
Cleveland ,OH,"433,748"
Cleveland Heights ,OH,"45,827"
Clifton ,NJ,"78,219"
Clinton ,IA,"26,407"
Clovis ,CA,"92,318"
Coachella ,CA,"39,391"
Coconut Creek ,FL,"50,436"
Coeur d'Alene ,ID,"43,360"
College Park ,MD,"26,925"
College Station ,TX,"84,128"
Colleyville ,TX,"24,428"
Collierville,TN,"39,211"
Collinsville ,IL,"25,960"
Colorado Springs ,CO,"380,307"
Colton ,CA,"50,517"
Columbia ,SC,"127,029"
Columbus ,OH,"754,885"
Commerce City ,CO,"42,473"
Compton ,CA,"93,851"
Concord ,CA,"121,160"
Conroe ,TX,"55,429"
Conway ,AR,"57,544"
Cookeville ,TN,"29,234"
Coon Rapids ,MN,"61,832"
Cooper City ,FL,"29,422"
Coppell ,TX,"39,154"
Copperas Cove ,TX,"30,710"
Coral Gables ,FL,"42,781"
Coral Springs ,FL,"125,783"
Corcoran ,CA,"25,139"
Cornelius,NC,"24,487"
Corona ,CA,"149,923"
Corpus Christi ,TX,"286,462"
Corsicana ,TX,"26,459"
Corvallis ,OR,"51,110"
Costa Mesa ,CA,"110,080"
Cottage Grove ,MN,"33,623"
Cottonwood Heights ,UT,"35,418"
Council Bluffs ,IA,"59,536"
Covina ,CA,"46,944"
Covington ,KY,"43,235"
Cranston ,RI,"79,980"
Crown Point ,IN,"24,376"
Crystal Lake ,IL,"41,797"
Cudahy ,CA,"24,334"
Culver City ,CA,"38,580"
Cupertino ,CA,"53,637"
Cutler Bay,FL,"29,070"
Cuyahoga Falls ,OH,"51,090"
Cypress ,CA,"47,123"
Dallas ,TX,"1,279,910"
Dalton ,GA,"33,648"
Daly City ,CA,"101,514"
Dana Point ,CA,"35,700"
Danbury ,CT,"79,256"
Dania Beach ,FL,"28,093"
Danville,CA,"41,182"
Danville ,VA,"44,660"
Davenport ,IA,"100,827"
Davie,FL,"90,238"
Davis ,CA,"62,593"
Dayton ,OH,"154,200"
Daytona Beach ,FL,"64,211"
De Land ,FL,"27,243"
De Pere ,WI,"24,779"
Dearborn ,MI,"86,477"
Dearborn Heights ,MI,"51,972"
Decatur ,IL,"76,256"
Deer Park ,TX,"30,890"
Deerfield Beach ,FL,"74,584"
DeKalb ,IL,"45,497"
Del Rio ,TX,"36,682"
Delano ,CA,"53,051"
Delaware ,OH,"33,719"
Delray Beach ,FL,"64,092"
Deltona ,FL,"84,408"
Denison ,TX,"24,001"
Denton ,TX,"119,454"
Denver ,CO,"598,707"
Des Moines ,IA,"197,052"
Des Plaines ,IL,"57,062"
Desert Hot Springs ,CA,"24,489"
DeSoto ,TX,"47,568"
Detroit ,MI,"912,062"
Diamond Bar ,CA,"57,235"
Dodge City ,KS,"25,689"
Dolton,IL,"23,889"
Doral ,FL,"23,974"
Dothan ,AL,"66,505"
Douglasville ,GA,"31,035"
Dover ,DE,"36,107"
Downers Grove,IL,"49,250"
Downey ,CA,"107,587"
Draper ,UT,"42,317"
Dublin ,CA,"44,297"
Dubuque ,IA,"57,250"
Duluth ,MN,"84,284"
Duncanville ,TX,"36,109"
Dunedin ,FL,"35,988"
Durham ,NC,"223,284"
Eagan ,MN,"63,985"
Eagle Pass ,TX,"26,668"
East Chicago ,IN,"29,978"
East Cleveland ,OH,"24,507"
East Lansing ,MI,"45,857"
East Orange ,NJ,"65,390"
East Palo Alto ,CA,"33,575"
East Point ,GA,"43,418"
East Providence ,RI,"48,480"
East St. Louis ,IL,"28,773"
Easton ,PA,"26,080"
Eastpointe ,MI,"32,497"
Eau Claire ,WI,"65,426"
Eden Prairie ,MN,"61,191"
Edina ,MN,"45,608"
Edinburg ,TX,"71,520"
Edmond ,OK,"79,559"
Edmonds ,WA,"40,158"
Edwardsville ,IL,"24,557"
El Cajon ,CA,"92,718"
El Centro ,CA,"40,083"
El Mirage ,AZ,"24,751"
El Monte ,CA,"121,791"
El Paso ,TX,"613,190"
Elgin ,IL,"106,330"
Elizabeth ,NJ,"124,755"
Elizabethtown ,KY,"24,144"
Elk Grove ,CA,"133,003"
Elk Grove Village,IL,"33,320"
Elk River ,MN,"23,194"
Elkhart ,IN,"52,653"
Elmhurst ,IL,"46,013"
Elmira ,NY,"29,271"
Elmwood Park,IL,"24,052"
Elyria ,OH,"54,979"
Emporia ,KS,"26,380"
Encinitas ,CA,"60,372"
Englewood ,CO,"32,669"
Enid ,OK,"47,396"
Enterprise ,AL,"25,351"
Erie ,PA,"103,817"
Escondido ,CA,"137,103"
Euclid ,OH,"47,415"
Eugene ,OR,"150,104"
Euless ,TX,"52,579"
Eureka ,CA,"25,300"
Evanston ,IL,"77,693"
Evansville ,IN,"116,309"
Everett ,WA,"98,212"
Fair Lawn,NJ,"30,521"
Fairbanks ,AK,"35,132"
Fairborn ,OH,"32,366"
Fairfax ,VA,"23,844"
Fairfield ,CA,"103,683"
Fall River ,MA,"90,931"
Fargo ,ND,"93,531"
Farmers Branch ,TX,"26,455"
Farmington ,NM,"42,637"
Farmington Hills ,MI,"78,522"
Fayetteville ,NC,"174,091"
Federal Way ,WA,"84,309"
Findlay ,OH,"36,987"
Fishers,IN,"69,011"
Fitchburg ,MA,"40,239"
Flagstaff ,AZ,"60,222"
Flint ,MI,"112,900"
Florence ,AL,"37,877"
Florissant ,MO,"50,561"
Flower Mound,TX,"69,307"
Folsom ,CA,"67,788"
Fond du Lac ,WI,"42,025"
Fontana ,CA,"184,984"
Fort Collins ,CO,"136,509"
Fort Dodge ,IA,"25,180"
Fort Lauderdale ,FL,"183,126"
Fort Lee,NJ,"36,275"
Fort Myers ,FL,"65,394"
Fort Pierce ,FL,"40,885"
Fort Smith ,AR,"84,716"
Fort Wayne ,IN,"251,591"
Fort Worth ,TX,"703,073"
Foster City ,CA,"29,089"
Fountain Hills,AZ,"25,227"
Fountain Valley ,CA,"55,516"
Frankfort ,KY,"27,322"
Franklin ,TN,"58,481"
Frederick ,MD,"59,213"
Freeport,NY,"43,881"
Freeport ,IL,"24,615"
Fremont ,CA,"202,867"
Fresno ,CA,"476,050"
Fridley ,MN,"25,868"
Friendswood ,TX,"33,979"
Frisco ,TX,"96,676"
Fullerton ,CA,"131,868"
Gadsden ,AL,"36,816"
Gahanna ,OH,"33,892"
Gainesville ,FL,"114,916"
Gaithersburg ,MD,"58,744"
Galesburg ,IL,"31,181"
Gallatin ,TN,"29,343"
Galt ,CA,"24,026"
Galveston ,TX,"57,086"
Garden City ,KS,"28,557"
Garden Grove ,CA,"165,796"
Gardena ,CA,"58,554"
Garfield ,NJ,"28,971"
Garfield Heights ,OH,"27,734"
Garland ,TX,"218,577"
Garner,NC,"27,138"
Gary ,IN,"95,920"
Gastonia ,NC,"72,505"
Geneva ,IL,"24,302"
Georgetown ,TX,"49,618"
Germantown ,TN,"37,251"
Gilbert,AZ,"216,449"
Gillette ,WY,"26,871"
Gilroy ,CA,"49,934"
Gladstone ,MO,"28,243"
Glen Cove ,NY,"26,895"
Glen Ellyn,IL,"27,142"
Glendale ,AZ,"251,522"
Glendale Heights,IL,"31,847"
Glendora ,CA,"49,410"
Glenview,IL,"46,180"
Gloucester ,MA,"30,243"
Goldsboro ,NC,"37,597"
Goleta ,CA,"29,404"
Goodyear ,AZ,"59,508"
Goose Creek ,SC,"37,900"
Goshen ,IN,"32,630"
Grand Forks ,ND,"51,313"
Grand Island ,NE,"45,801"
Grand Junction ,CO,"49,688"
Grand Prairie ,TX,"160,641"
Grand Rapids ,MI,"193,396"
Grandview ,MO,"24,033"
Granite City ,IL,"30,703"
Grants Pass ,OR,"33,217"
Grapevine ,TX,"50,471"
Great Falls ,MT,"59,251"
Greeley ,CO,"91,492"
Green ,OH,"23,404"
Green Bay ,WI,"101,025"
Greenacres ,FL,"32,174"
Greenfield ,WI,"36,075"
Greensboro ,NC,"250,642"
Greenville ,NC,"79,629"
Greenville ,SC,"59,988"
Greenwood ,IN,"47,720"
Greer ,SC,"24,557"
Gresham ,OR,"101,221"
Griffin ,GA,"23,719"
Grove City ,OH,"33,829"
Gulfport ,MS,"70,055"
Gurnee,IL,"30,608"
Hackensack ,NJ,"42,804"
Hagerstown ,MD,"39,728"
Hallandale Beach ,FL,"38,683"
Haltom City ,TX,"40,181"
Hamilton ,OH,"62,477"
Hammond ,IN,"76,732"
Hampton ,VA,"145,494"
Hanford ,CA,"50,103"
Hanover Park,IL,"36,777"
Harker Heights ,TX,"25,417"
Harlingen ,TX,"64,843"
Harrisburg ,PA,"47,148"
Harrison,NY,"26,665"
Harrisonburg ,VA,"44,015"
Hartford ,CT,"124,062"
Harvey ,IL,"28,056"
Hastings ,NE,"25,394"
Hattiesburg ,MS,"51,993"
Haverhill ,MA,"61,275"
Hawthorne ,CA,"84,305"
Hayward ,CA,"142,061"
Hazelwood ,MO,"25,345"
Helena ,MT,"29,351"
Hemet ,CA,"70,991"
Hempstead,NY,"53,915"
Henderson ,NV,"252,064"
Hendersonville ,TN,"47,725"
Hercules ,CA,"24,484"
Hesperia ,CA,"85,883"
Hialeah ,FL,"210,542"
Hickory ,NC,"41,305"
High Point ,NC,"101,835"
Highland ,CA,"51,096"
Highland Park ,IL,"31,449"
Hilliard ,OH,"27,901"
Hillsboro ,OR,"93,638"
Hilton Head Island,SC,"33,913"
Hinesville ,GA,"30,152"
Hobart ,IN,"27,891"
Hobbs ,NM,"30,476"
Hoboken ,NJ,"40,577"
Hoffman Estates,IL,"53,641"
Holladay ,UT,"25,676"
Holland ,MI,"34,076"
Hollister ,CA,"34,877"
Hollywood ,FL,"141,740"
Holyoke ,MA,"39,947"
Homer Glen,IL,"26,111"
Homestead ,FL,"57,936"
Homewood ,AL,"23,840"
Honolulu,HI,"374,676"
Hoover ,AL,"71,020"
Hopewell ,VA,"23,142"
Hopkinsville ,KY,"32,076"
Horn Lake ,MS,"24,669"
Hot Springs ,AR,"39,467"
Houma ,LA,"32,512"
Houston ,TX,"2,242,193"
Huber Heights ,OH,"37,148"
Hudson ,OH,"23,037"
Huntersville,NC,"44,054"
Huntington ,WV,"49,185"
Huntington Beach ,CA,"192,620"
Huntington Park ,CA,"60,898"
Huntsville ,AL,"176,645"
Hurst ,TX,"38,550"
Hutchinson ,KS,"40,889"
Idaho Falls ,ID,"54,334"
Imperial Beach ,CA,"26,543"
Independence ,MO,"110,440"
Indianapolis,IN,"798,382"
Indio ,CA,"84,443"
Inglewood ,CA,"112,714"
Inkster ,MI,"26,621"
Inver Grove Heights ,MN,"33,383"
Iowa City ,IA,"67,831"
Irvine ,CA,"207,500"
Irving ,TX,"201,358"
Issaquah ,WA,"24,057"
Ithaca ,NY,"29,763"
Jackson ,MS,"173,861"
Jacksonville ,FL,"807,815"
Jamestown ,NY,"29,463"
Janesville ,WI,"62,516"
Jefferson City ,MO,"40,771"
Jeffersontown ,KY,"26,226"
Jeffersonville ,IN,"30,479"
Jersey City ,NJ,"241,114"
Johns Creek ,GA,"59,431"
Johnson City ,TN,"61,990"
Joliet ,IL,"146,125"
Jonesboro ,AR,"63,960"
Joplin ,MO,"49,775"
Juneau,AK,"30,988"
Jupiter,FL,"48,879"
Kalamazoo ,MI,"72,179"
Kankakee ,IL,"26,710"
Kannapolis ,NC,"42,521"
Kansas City ,MO,"451,572"
Kaysville ,UT,"25,820"
Kearney ,NE,"30,417"
Kearny,NJ,"36,746"
Keizer ,OR,"35,864"
Keller ,TX,"38,951"
Kenner ,LA,"66,942"
Kennesaw ,GA,"31,628"
Kennewick ,WA,"63,216"
Kenosha ,WI,"96,950"
Kent ,WA,"83,978"
Kentwood ,MI,"47,419"
Kettering ,OH,"53,708"
Killeen ,TX,"116,934"
Kingman ,AZ,"27,817"
Kingsport ,TN,"44,473"
Kingsville ,TX,"24,702"
Kirkland ,WA,"47,303"
Kirkwood ,MO,"26,760"
Kissimmee ,FL,"62,291"
Knoxville ,TN,"184,802"
Kokomo ,IN,"45,694"
Kyle ,TX,"26,103"
La Crosse ,WI,"50,902"
La Habra ,CA,"59,155"
La Mesa ,CA,"54,673"
La Mirada ,CA,"49,809"
La Porte ,TX,"34,274"
La Puente ,CA,"40,642"
La Quinta ,CA,"43,865"
La Vergne ,TN,"30,034"
La Verne ,CA,"33,623"
Lacey ,WA,"40,702"
Lafayette ,LA,"113,656"
LaGrange ,GA,"28,401"
Laguna Beach ,CA,"23,995"
Laguna Hills ,CA,"31,838"
Laguna Niguel ,CA,"64,469"
Lake Charles ,LA,"71,061"
Lake Elsinore ,CA,"50,952"
Lake Forest ,CA,"75,566"
Lake Havasu City ,AZ,"56,553"
Lake in the Hills,IL,"29,698"
Lake Jackson ,TX,"27,417"
Lake Oswego ,OR,"36,926"
Lake Worth ,FL,"35,513"
Lakeland ,FL,"93,333"
Lakeville ,MN,"54,542"
Lakewood ,CO,"140,989"
Lancaster ,CA,"145,469"
Lansing,IL,"26,672"
Lansing ,MI,"113,968"
Laramie ,WY,"27,664"
Laredo ,TX,"221,659"
Largo ,FL,"72,732"
Las Cruces ,NM,"91,865"
Las Vegas ,NV,"558,383"
Lauderdale Lakes ,FL,"31,004"
Lauderhill ,FL,"67,073"
Lawndale ,CA,"31,346"
Lawrence ,KS,"90,520"
Lawrenceville ,GA,"29,258"
Lawton ,OK,"90,091"
Layton ,UT,"65,514"
League City ,TX,"71,222"
Leander ,TX,"25,424"
Leavenworth ,KS,"34,729"
Leawood ,KS,"31,342"
Lebanon ,TN,"24,648"
Lee's Summit ,MO,"84,208"
Leesburg,VA,"39,641"
Lehi ,UT,"46,802"
Lemon Grove ,CA,"24,089"
Lemoore ,CA,"23,873"
Lenexa ,KS,"46,822"
Leominster ,MA,"41,055"
Lewiston ,ME,"35,131"
Lewisville ,TX,"101,624"
Lexington,KY,"282,114"
Liberty ,MO,"30,568"
Lima ,OH,"37,829"
Lincoln ,NE,"251,624"
Lincoln Park ,MI,"35,317"
Linden ,NJ,"39,162"
Lindenhurst,NY,"28,620"
Lisle,IL,"23,135"
Little Elm ,TX,"24,947"
Little Rock ,AR,"189,515"
Littleton ,CO,"40,777"
Livermore ,CA,"80,188"
Livonia ,MI,"91,220"
Lockport ,IL,"24,810"
Lodi,NJ,"23,776"
Lodi ,CA,"61,301"
Logan ,UT,"48,657"
Lombard,IL,"42,890"
Lompoc ,CA,"41,099"
Long Beach ,CA,"463,789"
Long Branch ,NJ,"32,622"
Longmont ,CO,"85,928"
Longview ,TX,"77,211"
Lorain ,OH,"70,239"
Los Altos ,CA,"28,349"
Los Angeles ,CA,"3,833,995"
Los Banos ,CA,"34,968"
Los Gatos,CA,"29,320"
Louisville,KY,"557,224"
Loveland ,CO,"65,587"
Loves Park ,IL,"24,457"
Lowell ,MA,"103,615"
Lubbock ,TX,"220,483"
Lufkin ,TX,"34,530"
Lynchburg ,VA,"72,596"
Lynn ,MA,"86,957"
Lynnwood ,WA,"33,572"
Lynwood ,CA,"70,025"
Macon ,GA,"92,775"
Madera ,CA,"56,700"
Madison ,WI,"231,916"
Madison Heights ,MI,"29,531"
Malden ,MA,"55,597"
Manassas ,VA,"35,205"
Manchester ,NH,"108,586"
Manhattan ,KS,"52,284"
Manhattan Beach ,CA,"36,605"
Manitowoc ,WI,"33,169"
Mankato ,MN,"36,245"
Mansfield ,OH,"49,579"
Manteca ,CA,"65,028"
Maple Grove ,MN,"61,542"
Maple Heights ,OH,"23,667"
Maplewood ,MN,"36,087"
Marana,AZ,"34,466"
Margate ,FL,"54,086"
Maricopa ,AZ,"45,571"
Marietta ,GA,"67,562"
Marion ,OH,"35,841"
Marlborough ,MA,"37,932"
Marshall ,TX,"23,798"
Marshalltown ,IA,"25,850"
Martinez ,CA,"35,145"
Maryland Heights ,MO,"25,949"
Marysville ,WA,"34,482"
Maryville ,TN,"27,156"
Mason ,OH,"29,682"
Mason City ,IA,"27,337"
Massillon ,OH,"32,613"
Matthews,NC,"26,901"
Maywood,IL,"25,035"
Maywood ,CA,"28,224"
McAllen ,TX,"129,776"
McHenry ,IL,"26,862"
McKinney ,TX,"121,211"
McMinnville ,OR,"31,185"
Medford ,OR,"73,212"
Medina ,OH,"26,011"
Melbourne ,FL,"77,351"
Melrose ,MA,"26,708"
Memphis ,TN,"669,651"
Menlo Park ,CA,"30,087"
Menomonee Falls,WI,"34,607"
Mentor ,OH,"51,825"
Mequon ,WI,"23,584"
Merced ,CA,"77,160"
Mercer Island ,WA,"24,163"
Meriden ,CT,"59,186"
Meridian ,ID,"66,916"
Merrillville,IN,"33,057"
Mesa ,AZ,"463,552"
Mesquite ,TX,"132,123"
Methuen ,MA,"44,055"
Miami ,FL,"413,201"
Miami Beach ,FL,"84,633"
Miami Gardens ,FL,"109,346"
Michigan City ,IN,"32,405"
Middletown ,OH,"51,422"
Midland ,TX,"106,561"
Midvale ,UT,"28,129"
Midwest City ,OK,"56,394"
Milford ,CT,"54,136"
Millville ,NJ,"28,930"
Milpitas ,CA,"67,503"
Milwaukee ,WI,"604,477"
Minneapolis ,MN,"382,605"
Minnetonka ,MN,"50,081"
Minot ,ND,"35,419"
Miramar ,FL,"108,484"
Mishawaka ,IN,"50,026"
Mission ,TX,"67,119"
Mission Viejo ,CA,"94,461"
Missoula ,MT,"68,202"
Missouri City ,TX,"74,723"
Mobile ,AL,"191,022"
Modesto ,CA,"202,967"
Moline ,IL,"43,088"
Monroe ,LA,"51,215"
Monroeville,PA,"27,639"
Monrovia ,CA,"37,651"
Montclair ,CA,"36,530"
Montebello ,CA,"61,906"
Monterey ,CA,"27,763"
Monterey Park ,CA,"61,234"
Montgomery ,AL,"202,696"
Moore ,OK,"52,615"
Moorhead ,MN,"36,012"
Moorpark ,CA,"36,372"
Moreno Valley ,CA,"190,871"
Morgan Hill ,CA,"38,096"
Morgantown ,WV,"29,642"
Morristown ,TN,"27,636"
Mount Pleasant,SC,"65,472"
Mount Pleasant ,MI,"26,675"
Mount Prospect,IL,"53,338"
Mount Vernon ,NY,"68,653"
Mountain View ,CA,"71,348"
Muncie ,IN,"64,975"
Mundelein,IL,"33,717"
Murfreesboro ,TN,"101,753"
Murray ,UT,"46,201"
Murrieta ,CA,"97,918"
Muskego ,WI,"23,234"
Muskegon ,MI,"39,401"
Muskogee ,OK,"40,099"
Myrtle Beach ,SC,"30,596"
Nacogdoches ,TX,"32,205"
Nampa ,ID,"80,362"
Napa ,CA,"74,547"
Naperville ,IL,"143,117"
Nashua ,NH,"86,576"
Nashville,TN,"596,462"
National City ,CA,"58,680"
Naugatuck,CT,"31,931"
Neenah ,WI,"25,060"
New Albany ,IN,"37,296"
New Bedford ,MA,"91,365"
New Berlin ,WI,"38,649"
New Bern ,NC,"28,586"
New Braunfels ,TX,"53,547"
New Britain ,CT,"70,486"
New Brunswick ,NJ,"51,149"
New Castle ,PA,"24,212"
New Haven ,CT,"123,669"
New Iberia ,LA,"32,959"
New Lenox,IL,"24,137"
New London ,CT,"25,891"
New Orleans ,LA,"311,853"
New Rochelle ,NY,"74,115"
New Smyrna Beach ,FL,"23,325"
New York ,NY,"8,363,710"
Newark ,NJ,"278,980"
Newburgh ,NY,"28,101"
Newnan ,GA,"30,474"
Newport ,RI,"23,523"
Newport Beach ,CA,"79,661"
Newport News ,VA,"179,614"
Newton ,MA,"82,139"
Niagara Falls ,NY,"51,345"
Nicholasville ,KY,"26,444"
Niles,IL,"28,666"
Noblesville ,IN,"42,155"
Norco ,CA,"26,659"
Norfolk ,VA,"234,220"
Normal,IL,"52,056"
Norman ,OK,"106,957"
Norristown,PA,"31,843"
North Charleston ,SC,"94,407"
North Chicago ,IL,"32,608"
North Las Vegas ,NV,"217,253"
North Lauderdale ,FL,"41,772"
North Little Rock ,AR,"59,430"
North Miami ,FL,"55,908"
North Miami Beach ,FL,"37,997"
North Olmsted ,OH,"31,319"
North Platte ,NE,"24,107"
North Port ,FL,"54,907"
North Richland Hills ,TX,"65,078"
North Ridgeville ,OH,"28,153"
North Royalton ,OH,"29,331"
North Tonawanda ,NY,"31,222"
Northampton ,MA,"28,379"
Northbrook,IL,"33,936"
Northglenn ,CO,"33,697"
Northport ,AL,"23,118"
Norton Shores ,MI,"23,307"
Norwalk ,CA,"102,982"
Norwich ,CT,"36,388"
Novato ,CA,"52,785"
Novi ,MI,"54,054"
Oak Creek ,WI,"33,482"
Oak Forest ,IL,"27,740"
Oak Lawn,IL,"53,244"
Oak Park,IL,"49,557"
Oak Park ,MI,"30,547"
Oak Ridge ,TN,"27,677"
Oakdale ,MN,"27,034"
Oakland ,CA,"404,155"
Oakland Park ,FL,"42,293"
Oakley ,CA,"32,035"
Ocala ,FL,"54,801"
Oceanside ,CA,"169,684"
Ocoee ,FL,"32,290"
Odessa ,TX,"98,801"
O'Fallon ,MO,"76,819"
Ogden ,UT,"82,865"
Oklahoma City ,OK,"551,789"
Olathe ,KS,"119,993"
Olive Branch ,MS,"31,830"
Olympia ,WA,"45,322"
Omaha ,NE,"438,646"
Ontario ,CA,"171,691"
Opelika ,AL,"26,808"
Opelousas ,LA,"23,220"
Orange ,CA,"136,392"
Oregon City ,OR,"31,404"
Orem ,UT,"93,250"
Orland Park,IL,"55,514"
Orlando ,FL,"230,519"
Ormond Beach ,FL,"37,984"
Oro Valley,AZ,"43,465"
Oshkosh ,WI,"63,679"
Ossining,NY,"23,798"
Oswego,IL,"31,504"
Ottumwa ,IA,"24,342"
Overland Park ,KS,"171,231"
Oviedo ,FL,"32,606"
Owasso ,OK,"27,467"
Owatonna ,MN,"24,855"
Owensboro ,KY,"55,516"
Oxnard ,CA,"185,717"
Pacifica ,CA,"37,739"
Paducah ,KY,"25,521"
Palatine,IL,"67,080"
Palm Bay ,FL,"100,786"
Palm Beach Gardens ,FL,"49,227"
Palm Coast ,FL,"72,316"
Palm Desert ,CA,"50,876"
Palm Springs ,CA,"47,952"
Palmdale ,CA,"143,197"
Palo Alto ,CA,"59,395"
Panama City ,FL,"36,644"
Papillion ,NE,"23,739"
Paradise,CA,"26,469"
Paragould ,AR,"24,800"
Paramount ,CA,"55,236"
Paramus,NJ,"26,128"
Paris ,TX,"26,050"
Park Ridge ,IL,"36,927"
Parker,CO,"43,767"
Parkersburg ,WV,"31,611"
Parkland ,FL,"24,017"
Parma ,OH,"77,947"
Pasadena ,TX,"146,439"
Pascagoula ,MS,"23,609"
Pasco ,WA,"55,246"
Paso Robles,CA,"28,715"
Passaic ,NJ,"66,884"
Paterson ,NJ,"145,643"
Pawtucket ,RI,"71,765"
Peabody ,MA,"51,331"
Peachtree City ,GA,"34,788"
Pearl ,MS,"24,400"
Pearland ,TX,"82,903"
Peekskill ,NY,"24,484"
Pekin ,IL,"33,430"
Pembroke Pines ,FL,"145,661"
Pensacola ,FL,"53,820"
Peoria ,AZ,"157,960"
Perris ,CA,"55,643"
Perth Amboy ,NJ,"48,742"
Petaluma ,CA,"54,666"
Petersburg ,VA,"32,916"
Pflugerville ,TX,"39,653"
Pharr ,TX,"65,258"
Phenix City ,AL,"31,125"
Philadelphia ,PA,"1,447,395"
Phoenix ,AZ,"1,567,924"
Pico Rivera ,CA,"63,138"
Pine Bluff ,AR,"50,408"
Pinellas Park ,FL,"47,173"
Pittsburg ,CA,"64,148"
Pittsburgh ,PA,"310,037"
Pittsfield ,MA,"42,652"
Placentia ,CA,"49,692"
Plainfield,IL,"36,507"
Plainfield ,NJ,"46,126"
Plano ,TX,"267,480"
Plant City ,FL,"32,761"
Plantation ,FL,"83,628"
Pleasant Grove ,UT,"33,798"
Pleasant Hill ,CA,"32,862"
Pleasanton ,CA,"66,828"
Plum,PA,"26,198"
Plymouth ,MN,"71,486"
Pocatello ,ID,"54,901"
Pomona ,CA,"152,699"
Pompano Beach ,FL,"101,943"
Ponca City ,OK,"24,507"
Pontiac ,MI,"66,095"
Port Arthur ,TX,"55,910"
Port Chester,NY,"28,171"
Port Huron ,MI,"30,869"
Port Orange ,FL,"54,616"
Port St. Lucie ,FL,"154,353"
Portage ,MI,"46,133"
Porterville ,CA,"51,830"
Portland ,OR,"557,706"
Portland ,ME,"62,561"
Portsmouth ,VA,"100,577"
Post Falls ,ID,"26,460"
Poughkeepsie ,NY,"29,654"
Poway ,CA,"48,858"
Prattville ,AL,"32,480"
Prescott ,AZ,"42,697"
Prescott Valley,AZ,"38,535"
Prichard ,AL,"27,662"
Prior Lake ,MN,"23,836"
Providence ,RI,"171,557"
Provo ,UT,"118,581"
Pueblo ,CO,"104,951"
Pullman ,WA,"26,920"
Puyallup ,WA,"36,330"
Queen Creek,AZ,"24,361"
Quincy ,MA,"92,339"
Racine ,WI,"82,196"
Rahway ,NJ,"28,624"
Raleigh ,NC,"392,552"
Ramsey ,MN,"23,734"
Rancho Cordova ,CA,"62,265"
Rancho Cucamonga ,CA,"171,176"
Rancho Palos Verdes ,CA,"41,106"
Rancho Santa Margarita ,CA,"49,591"
Rapid City ,SD,"65,491"
Raytown ,MO,"28,194"
Reading ,PA,"80,506"
Redding ,CA,"90,201"
Redlands ,CA,"69,689"
Redmond ,WA,"49,548"
Redondo Beach ,CA,"66,882"
Redwood City ,CA,"74,060"
Reedley ,CA,"23,439"
Reno ,NV,"217,016"
Renton ,WA,"62,266"
Revere ,MA,"60,204"
Rexburg ,ID,"28,028"
Reynoldsburg ,OH,"33,657"
Rialto ,CA,"98,700"
Richardson ,TX,"101,589"
Richfield ,MN,"32,728"
Richland ,WA,"46,155"
Richmond ,VA,"202,002"
Ridgecrest ,CA,"25,638"
Ridgewood,NJ,"24,163"
Rio Rancho ,NM,"79,655"
Riverside ,CA,"295,357"
Riverton ,UT,"39,751"
Riviera Beach ,FL,"36,430"
Roanoke ,VA,"92,967"
Rochester ,NY,"206,886"
Rochester ,MN,"100,413"
Rochester Hills ,MI,"69,014"
Rock Hill ,SC,"67,339"
Rock Island ,IL,"38,139"
Rockford ,IL,"157,272"
Rockledge ,FL,"24,747"
Rocklin ,CA,"52,811"
Rockville ,MD,"60,734"
Rockville Centre,NY,"24,414"
Rockwall ,TX,"35,247"
Rocky Mount ,NC,"57,010"
Rogers ,AR,"56,726"
Rohnert Park ,CA,"40,496"
Rolling Meadows ,IL,"23,463"
Rome ,GA,"36,041"
Romeoville,IL,"38,028"
Roselle,IL,"23,209"
Rosemead ,CA,"54,412"
Rosenberg ,TX,"33,595"
Roseville ,CA,"112,660"
Roswell ,GA,"87,657"
Round Lake Beach,IL,"27,855"
Round Rock ,TX,"104,446"
Rowlett ,TX,"55,780"
Roy ,UT,"35,672"
Royal Oak ,MI,"57,110"
Royal Palm Beach,FL,"30,312"
Russellville ,AR,"27,602"
Sacramento ,CA,"463,794"
Saginaw ,MI,"55,620"
Salem ,OR,"153,435"
Salina ,KS,"46,483"
Salinas ,CA,"143,640"
Salisbury ,NC,"28,972"
Salt Lake City ,UT,"181,698"
Sammamish ,WA,"40,179"
San Angelo ,TX,"91,880"
San Antonio ,TX,"1,351,305"
San Benito ,TX,"25,072"
San Bernardino ,CA,"198,580"
San Bruno ,CA,"40,315"
San Carlos ,CA,"27,238"
San Clemente ,CA,"61,465"
San Diego ,CA,"1,279,329"
San Dimas ,CA,"35,043"
San Fernando ,CA,"23,833"
San Francisco ,CA,"808,976"
San Gabriel ,CA,"40,445"
San Jacinto ,CA,"37,842"
San Jose ,CA,"948,279"
San Juan ,TX,"33,970"
San Juan Capistrano ,CA,"34,793"
San Leandro ,CA,"77,880"
San Luis ,AZ,"24,909"
San Luis Obispo ,CA,"43,636"
San Marcos ,CA,"79,114"
San Marcos ,TX,"52,927"
San Mateo ,CA,"92,256"
San Pablo ,CA,"30,729"
San Rafael ,CA,"55,602"
San Ramon ,CA,"49,161"
Sandusky ,OH,"25,688"
Sandy ,UT,"96,660"
Sandy Springs ,GA,"82,674"
Sanford ,FL,"50,634"
Sanger ,CA,"25,447"
Santa Ana ,CA,"339,130"
Santa Barbara ,CA,"86,093"
Santa Clara ,CA,"110,200"
Santa Clarita ,CA,"169,500"
Santa Cruz ,CA,"56,124"
Santa Fe ,NM,"71,831"
Santa Maria ,CA,"86,356"
Santa Monica ,CA,"87,664"
Santa Paula ,CA,"28,618"
Santa Rosa ,CA,"155,796"
Santee ,CA,"53,860"
Sarasota ,FL,"52,340"
Saratoga ,CA,"30,445"
Saratoga Springs ,NY,"28,844"
Savage ,MN,"27,692"
Savannah ,GA,"132,410"
Sayreville,NJ,"42,208"
Schaumburg,IL,"71,716"
Schenectady ,NY,"61,152"
Schererville,IN,"28,886"
Schertz ,TX,"30,669"
Scottsdale ,AZ,"235,371"
Scranton ,PA,"72,233"
Seal Beach ,CA,"24,127"
Seaside ,CA,"33,797"
SeaTac ,WA,"25,840"
Seattle ,WA,"598,541"
Seguin ,TX,"26,394"
Shaker Heights ,OH,"26,460"
Shakopee ,MN,"33,455"
Shawnee ,KS,"60,954"
Sheboygan ,WI,"47,895"
Shelton ,CT,"39,991"
Sherman ,TX,"38,077"
Sherwood ,AR,"24,542"
Shoreline ,WA,"52,005"
Shoreview ,MN,"25,111"
Shreveport ,LA,"199,729"
Sierra Vista ,AZ,"43,320"
Simi Valley ,CA,"120,543"
Sioux City ,IA,"82,807"
Sioux Falls ,SD,"154,997"
Skokie,IL,"66,620"
Slidell ,LA,"27,183"
Smyrna,TN,"37,867"
Smyrna ,GA,"49,854"
Socorro ,TX,"32,007"
Soledad ,CA,"28,124"
Somerville ,MA,"75,662"
South Bend ,IN,"103,807"
South Gate ,CA,"96,640"
South Jordan ,UT,"51,131"
South Lake Tahoe ,CA,"23,333"
South Pasadena ,CA,"24,446"
South Portland ,ME,"23,803"
South San Francisco ,CA,"62,502"
Southaven ,MS,"44,076"
Southfield ,MI,"75,392"
Southgate ,MI,"27,739"
Southlake ,TX,"26,595"
Spanish Fork ,UT,"31,538"
Sparks ,NV,"88,602"
Spartanburg ,SC,"39,584"
Spokane ,WA,"202,319"
Spokane Valley ,WA,"86,144"
Spring Hill ,TN,"26,230"
Spring Valley,NY,"26,291"
Springdale ,AR,"68,180"
Springfield ,MO,"156,206"
Springfield ,MA,"150,640"
Springfield ,IL,"117,352"
Springville ,UT,"28,520"
St. Charles ,MO,"64,386"
St. Clair Shores ,MI,"60,364"
St. Cloud ,MN,"66,948"
St. George ,UT,"72,718"
St. Joseph ,MO,"76,197"
St. Louis ,MO,"354,361"
St. Louis Park ,MN,"45,465"
St. Paul ,MN,"279,590"
St. Peters ,MO,"55,500"
St. Petersburg ,FL,"245,314"
Stamford ,CT,"119,303"
Stanton ,CA,"37,589"
Starkville ,MS,"24,187"
State College,PA,"39,419"
Statesboro ,GA,"27,158"
Statesville ,NC,"26,414"
Staunton ,VA,"23,967"
Sterling Heights ,MI,"127,160"
Stevens Point ,WI,"25,327"
Stillwater ,OK,"47,653"
Stockton ,CA,"287,037"
Stow ,OH,"33,899"
Streamwood,IL,"37,119"
Strongsville ,OH,"42,617"
Suffolk ,VA,"82,302"
Sugar Land ,TX,"80,704"
Suisun City ,CA,"26,977"
Summerville,SC,"45,193"
Sumter ,SC,"38,625"
Sun Prairie ,WI,"28,322"
Sunnyvale ,CA,"132,109"
Sunrise ,FL,"89,026"
Superior ,WI,"26,223"
Surprise ,AZ,"92,897"
Syracuse ,NY,"138,068"
Tacoma ,WA,"197,181"
Tallahassee ,FL,"171,922"
Tamarac ,FL,"59,340"
Tampa ,FL,"340,882"
Tarpon Springs ,FL,"23,369"
Taunton ,MA,"55,702"
Taylor ,MI,"60,619"
Taylorsville ,UT,"58,785"
Temecula ,CA,"97,100"
Tempe ,AZ,"175,523"
Temple ,TX,"59,654"
Temple City ,CA,"38,341"
Terre Haute ,IN,"60,007"
Texarkana ,TX,"36,611"
Texas City ,TX,"44,491"
The Colony ,TX,"42,281"
Thomasville ,NC,"26,526"
Thornton ,CO,"113,429"
Thousand Oaks ,CA,"123,091"
Tigard ,OR,"48,713"
Tinley Park,IL,"59,198"
Titusville ,FL,"44,756"
Toledo ,OH,"293,201"
Tooele ,UT,"30,120"
Topeka ,KS,"123,446"
Torrance ,CA,"140,820"
Torrington ,CT,"35,312"
Tracy ,CA,"79,196"
Trenton ,NJ,"82,883"
Trotwood ,OH,"26,039"
Troy ,MI,"80,264"
Tualatin ,OR,"26,476"
Tucson ,AZ,"541,811"
Tulare ,CA,"56,654"
Tulsa ,OK,"385,635"
Tupelo ,MS,"36,233"
Turlock ,CA,"68,404"
Tuscaloosa ,AL,"90,221"
Tustin ,CA,"71,814"
Twentynine Palms ,CA,"33,480"
Twin Falls ,ID,"42,197"
Tyler ,TX,"97,705"
Union City ,CA,"72,123"
University City ,MO,"36,289"
University Park ,TX,"24,853"
University Place ,WA,"30,345"
Upland ,CA,"72,091"
Upper Arlington ,OH,"31,878"
Urbana ,IL,"39,641"
Urbandale ,IA,"38,369"
Utica ,NY,"58,082"
Vacaville ,CA,"92,219"
Valdosta ,GA,"48,547"
Vallejo ,CA,"114,729"
Valley Stream,NY,"36,007"
Valparaiso ,IN,"30,429"
Vancouver ,WA,"163,186"
Ventura,CA,"103,706"
Vernon Hills,IL,"24,462"
Vestavia Hills ,AL,"30,892"
Vicksburg ,MS,"24,974"
Victoria ,TX,"62,558"
Victorville ,CA,"110,318"
Vineland ,NJ,"58,780"
Virginia Beach ,VA,"433,746"
Visalia ,CA,"121,040"
Vista ,CA,"91,144"
Waco ,TX,"124,009"
Wake Forest,NC,"27,068"
Walker ,MI,"23,722"
Walla Walla ,WA,"30,643"
Walnut ,CA,"30,744"
Walnut Creek ,CA,"63,486"
Waltham ,MA,"60,236"
Warner Robins ,GA,"61,336"
Warren ,MI,"133,939"
Warwick ,RI,"84,483"
Wasco ,CA,"24,628"
Washington ,DC,"591,833"
Watauga ,TX,"24,005"
Waterbury ,CT,"107,037"
Waterloo ,IA,"66,662"
Watertown ,MA,"32,365"
Watsonville ,CA,"50,442"
Waukegan ,IL,"90,788"
Waukesha ,WI,"68,008"
Wausau ,WI,"37,576"
Wauwatosa ,WI,"45,004"
Waxahachie ,TX,"28,668"
Weatherford ,TX,"26,686"
Wellington,FL,"54,530"
Wenatchee ,WA,"29,898"
Wentzville ,MO,"23,768"
Weslaco ,TX,"33,354"
West Allis ,WI,"59,416"
West Bend ,WI,"29,894"
West Chicago ,IL,"26,454"
West Covina ,CA,"105,790"
West Des Moines ,IA,"55,426"
West Fargo ,ND,"23,708"
West Haven ,CT,"52,420"
West Hollywood ,CA,"36,005"
West Jordan ,UT,"104,447"
West Lafayette ,IN,"30,847"
West Linn ,OR,"25,236"
West Memphis ,AR,"27,070"
West New York,NJ,"46,472"
West Palm Beach ,FL,"98,779"
West Sacramento ,CA,"47,511"
West Springfield ,MA,"27,459"
West Valley City ,UT,"123,447"
Westerville ,OH,"36,231"
Westfield,NJ,"29,450"
Westfield ,MA,"40,608"
Westlake ,OH,"30,546"
Westland ,MI,"78,961"
Westminster ,CO,"107,056"
Westmont,IL,"24,979"
Weston ,FL,"63,628"
Wheat Ridge ,CO,"30,894"
Wheaton ,IL,"54,465"
Wheeling,IL,"36,063"
Wheeling ,WV,"28,913"
White Bear Lake ,MN,"24,095"
White Plains ,NY,"57,342"
Whittier ,CA,"82,267"
Wichita ,KS,"366,046"
Wichita Falls ,TX,"101,202"
Wildwood ,MO,"34,195"
Wilkes-Barre ,PA,"40,932"
Williamsport ,PA,"29,456"
Wilmette,IL,"26,418"
Wilmington ,NC,"100,192"
Wilson ,NC,"48,433"
Winchester ,VA,"25,897"
Windsor,CA,"25,362"
Winona ,MN,"26,785"
Winston-Salem ,NC,"217,600"
Winter Garden ,FL,"29,385"
Winter Haven ,FL,"33,353"
Winter Park ,FL,"27,909"
Winter Springs ,FL,"32,667"
Woburn ,MA,"36,871"
Woodbury ,MN,"56,128"
Woodland ,CA,"54,567"
Woodridge,IL,"34,130"
Woodstock ,IL,"23,930"
Woonsocket ,RI,"43,268"
Wooster ,OH,"26,212"
Worcester ,MA,"175,011"
Wyandotte ,MI,"24,739"
Wylie ,TX,"37,861"
Wyoming ,MI,"70,462"
Xenia ,OH,"27,357"
Yakima ,WA,"84,074"
Yonkers ,NY,"201,588"
Yorba Linda ,CA,"65,717"
York ,PA,"40,097"
Youngstown ,OH,"72,925"
Yuba City ,CA,"61,226"
Yucaipa ,CA,"49,750"
Yuma ,AZ,"90,041"
Zanesville ,OH,"25,129"
Zion ,IL,"25,161"
,,
,,
,,
,,
,,
,,
,,
,,
,,
,,
,,
,,
,,
,,
,,
,,
,,
,,
,,
,,
,,
,,
,,
,,
,,
,,
,,
,,
,,
,,
,,
,,
,,
,,
,,
,,
,,
,,
,,
,,
,,
,,
,,
,,
,,
,,
,,
,,
,,
,,
,,
,,
,,
,,
,,
,,
,,
,,
,,
,,
,,
,,
,,
,,
,,
,,
,,
,,
,,
,,
,,
,,
,,
,,
,,
,,
,,
,,
,,
,,
,,
,,
,,
,,
,,
,,
,,
,,
,,
,,
,,
,,
,,
,,
,,
,,
,,
,,
,,
,,
,,
,,
,,
,,
,,
,,
,,
,,
,,
,,
,,
,,
,,
,,
,,
,,
,,
,,
,,
,,
,,
,,
,,
,,
,,
,,
,,
,,
,,
,,
,,
,,
,,
,,
,,
,,
,,
,,
,,
,,
,,
,,
,,
,,
,,
,,
,,
,,
,,
,,
,,
,,
,,
,,
,,
,,
,,
,,
,,
,,
,,
,,
,,
,,
,,
,,
,,
,,
,,
,,
,,
,,
,,
,,
,,
,,
,,
,,
,,
,,
,,
,,
,,
,,
,,
,,
,,
,,
,,
,,
,,
,,
,,
,,
,,
,,
,,
,,
,,
,,
,,
,,
,,
,,
,,
,,
,,
,,
,,
,,
,,
,,
,,
,,
,,
,,
,,
,,
,,
,,
,,
,,
,,
,,
,,
,,
,,
,,
,,
,,
,,
,,
,,
,,
,,
,,
,,
,,
,,
,,
,,
,,
,,
,,
,,
,,
,,
,,
,,
,,
,,
,,
,,
,,
,,
,,
,,
,,
,,
,,
,,
,,
,,
,,
,,
,,
,,
,,
,,
,,
,,
,,
,,
,,
,,
,,
,,
,,
,,
,,
,,
,,
,,
,,
,,
,,
,,
,,
,,
,,
,,
,,
,,
,,
,,
,,
,,
,,
,,
,,
,,
,,
,,
,,
,,
,,
,,
,,
,,
,,
,,
,,
,,
,,
,,
,,
,,
,,
,,
,,
,,
,,
,,
,,
,,
,,
,,
,,
,,
,,
,,
,,
,,
,,
,,
,,
,,
,,
,,
,,
,,
,,
,,
,,
,,
,,
,,
,,
,,
,,
,,
,,
,,
,,
,,
,,
,,
,,
,,
,,
,,
,,
,,
,,
,,
,,
,,
,,
,,
,,
,,
,,
,,
,,
,,
,,
,,
,,
,,
,,
,,
,,
,,
,,
,,
,,
,,
,,
,,
,,
,,
,,
,,
,,
,,
,,
,,
,,
,,
,,
,,
,,
,,
,,
,,
,,
,,
,,
,,
,,
,,
,,
,,
,,
,,
,,
,,
,,
,,
,,
,,
,,
,,
,,
,,
,,
,,
,,
,,
,,
,,
,,
,,
,,
,,
,,
,,
,,
,,
,,
,,
,,
,,
,,
,,
,,
,,
,,
,,
,,
,,
,,
,,
,,
,,
,,
,,
,,
,,
,,
,,
,,
,,
,,
,,
,,
,,
,,
,,
,,
,,
,,
,,
,,
,,
,,
,,
,,
,,
,,
,,
,,
,,
,,
,,
,,
,,
,,
,,
,,
,,
,,
,,
,,
,,
,,
,,
,,
,,
,,
,,
,,
,,
,,
,,
,,
,,
,,
,,
,,
,,
,,
,,
,,
,,
,,
,,
,,
,,
,,
,,
,,
,,
,,
,,
,,
,,
,,
,,
,,
,,
,,
,,
,,
,,
,,
,,
,,
,,
,,
,,
,,
,,
,,
,,
,,
,,
,,
,,
,,
,,
,,
,,
,,
,,
,,
,,
,,
,,
,,
,,
,,
,,
,,
,,
,,
,,
,,
,,
,,
,,
,,
,,
,,
,,
,,
,,
,,
,,
,,
,,
,,
,,
,,
,,
,,
,,
,,
,,
,,
,,
,,
,,
,,
,,
,,
,,
,,
,,
,,
,,
,,
,,
,,
,,
,,
,,
,,
,,
,,
,,
,,
,,
,,
,,
,,
,,
,,
,,
,,
,,
,,
,,
,,
,,
,,
,,
,,
,,
,,
,,
,,
,,
,,
,,
,,
,,
,,
,,
,,
,,
,,
,,
,,
,,
,,
,,
,,
,,
,,
,,
,,
,,
,,
,,
,,
,,
,,
,,
,,
,,
,,
,,
,,
,,
,,
,,
,,
,,
,,
,,
,,
,,
,,
,,
,,
,,
,,
,,
,,
,,
,,
,,
,,
,,
,,
,,
,,
,,
,,
,,
,,
,,
,,
,,
,,
,,
,,
,,
,,
,,
,,
,,
,,
,,
,,
,,
,,
,,
,,
,,
,,
,,
,,
,,
,,
,,
,,
,,
,,
,,
,,
,,
,,
,,
,,
,,
,,
,,
,,
,,
,,
,,
,,
,,
,,
,,
,,
,,
,,
,,
,,
,,
,,
,,
,,
,,
,,
,,
,,
,,
,,
,,
,,
,,
,,
,,
,,
,,
,,
,,
,,
,,
,,
,,
,,
,,
,,
,,
,,
,,
,,
,,
,,
,,
,,
,,
,,
,,
,,
,,
,,
,,
,,
,,
,,
,,
,,
,,
,,
,,
,,
,,
,,
,,
,,
,,
,,
,,
,,
,,
,,
,,
,,
,,
,,
,,
,,
,,
,,
,,
,,
,,
,,
,,
,,
,,
,,
,,
,,
,,
,,
,,
,,
,,
,,
,,
,,
,,
,,
,,
,,
,,
,,
,,
,,
,,
,,
,,
,,
,,
,,
,,
,,
,,
,,
,,
,,
,,
,,
,,
,,
,,
,,
,,
,,
,,
,,
,,
,,
,,
,,
,,
,,
,,
,,
,,
,,
,,
,,
,,
,,
,,
,,
,,
,,
,,
,,
,,
,,
,,
,,
,,
,,
,,
,,
,,
,,
,,
,,
,,
,,
,,
,,
,,
,,
,,
,,
,,
,,
,,
,,
,,
,,
,,
,,
,,
,,
,,
,,
,,
,,
,,
,,
,,
,,
,,
,,
,,
,,
,,
,,
,,
,,
,,
,,
,,
,,
,,
,,
,,
,,
,,
,,
,,
,,
,,
,,
,,
,,
,,
,,
,,
,,
,,
,,
,,
,,
,,
,,
,,
,,
,,
,,
,,
,,
,,
,,
,,
,,
,,
,,
,,
,,
,,
,,
,,
,,
,,
,,
,,
,,
,,
,,
,,
,,
,,
,,
,,
,,
,,
,,
,,
,,
,,
,,
,,
,,
,,
,,
,,
,,
,,
,,
,,
,,
,,
,,
,,
,,
,,
,,
,,
,,
,,
,,
,,
,,
,,
,,
,,
,,
,,
,,
,,
,,
,,
,,
,,
,,
,,
,,
,,
,,
,,
,,
,,
,,
,,
,,
,,
,,
,,
,,
,,
,,
,,
,,
,,
,,
,,
,,
,,
,,
,,
,,
,,
,,
,,
,,
,,
,,
,,
,,
,,
,,
,,
,,
,,
,,
,,
,,
,,
,,
,,
,,
,,
,,
,,
,,
,,
,,
,,
,,
,,
,,
,,
,,
,,
,,
,,
,,
,,
,,
,,
,,
,,
,,
,,
,,
,,
,,
,,
,,
,,
,,
,,
,,
,,
,,
,,
,,
,,
,,
,,
,,
,,
,,
,,
,,
,,
,,
,,
,,
,,
,,
,,
,,
,,
,,
,,
,,
,,
,,
,,
,,
,,
,,
,,
,,
,,
,,
,,
,,
,,
,,
,,
,,
,,
,,
,,
,,
,,
,,
,,
,,
,,
,,
,,
,,
,,
,,
,,
,,
,,
,,
,,
,,
,,
,,
,,
,,
,,
,,
,,
,,
,,
,,
,,
,,
,,
,,
,,
,,
,,
,,
,,
,,
,,
,,
,,
,,
,,
,,
,,
,,
,,
,,
,,
,,
,,
,,
,,
,,
,,
,,
,,
,,
,,
,,
,,
,,
,,
,,
,,
,,
,,
,,
,,
,,
,,
,,
,,
,,
,,
,,
,,
,,
,,
,,
,,
,,
,,
,,
,,
,,
,,
,,
,,
,,
,,
,,
,,
,,
,,
,,
,,
,,
,,
,,
,,
,,
,,
,,
,,
,,
,,
,,
,,
,,
,,
,,
,,
,,
,,
,,
,,
,,
,,
,,
,,
,,
,,
,,
,,
,,
,,
,,
,,
,,
,,
,,
,,
,,
,,
,,
,,
,,
,,
,,
,,
,,
,,
,,
,,
,,
,,
,,
,,
,,
,,
,,
,,
,,
,,
,,
,,
,,
,,
,,
,,
,,
,,
,,
,,
,,
,,
,,
,,
,,
,,
,,
,,
,,
,,
,,
,,
,,
,,
,,
,,
,,
,,
,,
,,
,,
,,
,,
,,
,,
,,
,,
,,
,,
,,
,,
,,
,,
,,
,,
,,
,,
,,
,,
,,
,,
,,
,,
,,
,,
,,
,,
,,
,,
,,
,,
,,
,,
,,
,,
,,
,,
,,
,,
,,
,,
,,
,,
,,
,,
,,
,,
,,
,,
,,
,,
,,
,,
,,
,,
,,
,,
,,
,,
,,
,,
,,
,,
,,
,,
,,
,,
,,
,,
,,
,,
,,
,,
,,
,,
,,
,,
,,
,,
,,
,,
,,
,,
,,
,,
,,
,,
,,
,,
,,
,,
,,
,,
,,
,,
,,
,,
,,
,,
,,
,,
,,
,,
,,
,,
,,
,,
,,
,,
,,
,,
,,
,,
,,
,,
,,
,,
,,
,,
,,
,,
,,
,,
,,
,,
,,
,,
,,
,,
,,
,,
,,
,,
,,
,,
,,
,,
,,
,,
,,
,,
,,
,,
,,
,,
,,
,,
,,
,,
,,
,,
,,
,,
,,
,,
,,
,,
,,
,,
,,
,,
,,
,,
,,
,,
,,
,,
,,
,,
,,
,,
,,
,,
,,
,,
,,
,,
,,
,,
,,
,,
,,
,,
,,
,,
,,
,,
,,
,,
,,
,,
,,
,,
,,
,,
,,
,,
,,
,,
,,
,,
,,
,,
,,
,,
,,
,,
,,
,,
,,
,,
,,
,,
,,
,,
,,
,,
,,
,,
,,
,,
,,
,,
,,
,,
,,
,,
,,
,,
,,
,,
,,
,,
,,
,,
,,
,,
,,
,,
,,
,,
,,
,,
,,
,,
,,
,,
,,
,,
,,
,,
,,
,,
,,
,,
,,
,,
,,
,,
,,
,,
,,
,,
,,
,,
,,
,,
,,
,,
,,
,,
,,
,,
,,
,,
,,
,,
,,
,,
,,
,,
,,
,,
,,
,,
,,
,,
,,
,,
,,
,,
,,
,,
,,
,,
,,
,,
,,
,,
,,
,,
,,
,,
,,
,,
,,
,,
,,
,,
,,
,,
,,
,,
,,
,,
,,
,,
,,
,,
,,
,,
,,
,,
,,
,,
,,
,,
,,
,,
,,
,,
,,
,,
,,
,,
,,
,,
,,
,,
,,
,,
,,
,,
,,
,,
,,
,,
,,
,,
,,
,,
,,
,,
,,
,,
,,
,,
,,
,,
,,
,,
,,
,,
,,
,,
,,
,,
,,
,,
,,
,,
,,
,,
,,
,,
,,
,,
,,
,,
,,
,,
,,
,,
,,
,,
,,
,,
,,
,,
,,
,,
,,
,,
,,
,,
,,
,,
,,
,,
,,
,,
,,
,,
,,
,,
,,
,,
,,
,,
,,
,,
,,
,,
,,
,,
,,
,,
,,
,,
,,
,,
,,
,,
,,
,,
,,
,,
,,
,,
,,
,,
,,
,,
,,
,,
,,
,,
,,
,,
,,
,,
,,
,,
,,
,,
,,
,,
,,
,,
,,
,,
,,
,,
,,
,,
,,
,,
,,
,,
,,
,,
,,
,,
,,
,,
,,
,,
,,
,,
,,
,,
,,
,,
,,
,,
,,
,,
,,
,,
,,
,,
,,
,,
,,
,,
,,
,,
,,
,,
,,
,,
,,
,,
,,
,,
,,
,,
,,
,,
,,
,,
,,
,,
,,
,,
,,
,,
,,
,,
,,
,,
,,
,,
,,
,,
,,
,,
,,
,,
,,
,,
,,
,,
,,
,,
,,
,,
,,
,,
,,
,,
,,
,,
,,
,,
,,
,,
,,
,,
,,
,,
,,
,,
,,
,,
,,
,,
,,
,,
,,
,,
,,
,,
,,
,,
,,
,,
,,
,,
,,
,,
,,
,,
,,
,,
,,
,,
,,
,,
,,
,,
,,
,,
,,
,,
,,
,,
,,
,,
,,
,,
,,
,,
,,
,,
,,
,,
,,
,,
,,
,,
,,
,,
,,
,,
,,
,,
,,
,,
,,
,,
,,
,,
,,
,,
,,
,,
,,
,,
,,
,,
,,
,,
,,
,,
,,
,,
,,
,,
,,
,,
,,
,,
,,
,,
,,
,,
,,
,,
,,
,,
,,
,,
,,
,,
,,
,,
,,
,,
,,
,,
,,
,,
,,
,,
,,
,,
,,
,,
,,
,,
,,
,,
,,
,,
,,
,,
,,
,,
,,
,,
,,
,,
,,
,,
,,
,,
,,
,,
,,
,,
,,
,,
,,
,,
,,
,,
,,
,,
,,
,,
,,
,,
,,
,,
,,
,,
,,
,,
,,
,,
,,
,,
,,
,,
,,
,,
,,
,,
,,
,,
,,
,,
,,
,,
,,
,,
,,
,,
,,
,,
,,
,,
,,
,,
,,
,,
,,
,,
,,
,,
,,
,,
,,
,,
,,
,,
,,
,,
,,
,,
,,
,,
,,
,,
,,
,,
,,
,,
,,
,,
,,
,,
,,
,,
,,
,,
,,
,,
,,
,,
,,
,,
,,
,,
,,
,,
,,
,,
,,
,,
,,
,,
,,
,,
,,
,,
,,
,,
,,
,,
,,
,,
,,
,,
,,
,,
,,
,,
,,
,,
,,
,,
,,
,,
,,
,,
,,
,,
,,
,,
,,
,,
,,
,,
,,
,,
,,
,,
,,
,,
,,
,,
,,
,,
,,
,,
,,
,,
,,
,,
,,
,,
,,
,,
,,
,,
,,
,,
,,
,,
,,
,,
,,
,,
,,
,,
,,
,,
,,
,,
,,
,,
,,
,,
,,
,,
,,
,,
,,
,,
,,
,,
,,
,,
,,
,,
,,
,,
,,
,,
,,
,,
,,
,,
,,
,,
,,
,,
,,
,,
,,
,,
,,
,,
,,
,,
,,
,,
,,
,,
,,
,,
,,
,,
,,
,,
,,
,,
,,
,,
,,
,,
,,
,,
,,
,,
,,
,,
,,
,,
,,
,,
,,
,,
,,
,,
,,
,,
,,
,,
,,
,,
,,
,,
,,
,,
,,
,,
,,
,,
,,
,,
,,
,,
,,
,,
,,
,,
,,
,,
,,
,,
,,
,,
,,
,,
,,
,,
,,
,,
,,
,,
,,
,,
,,
,,
,,
,,
,,
,,
,,
,,
,,
,,
,,
,,
,,
,,
,,
,,
,,
,,
,,
,,
,,
,,
,,
,,
,,
,,
,,
,,
,,
,,
,,
,,
,,
,,
,,
,,
,,
,,
,,
,,
,,
,,
,,
,,
,,
,,
,,
,,
,,
,,
,,
,,
,,
,,
,,
,,
,,
,,
,,
,,
,,
,,
,,
,,
,,
,,
,,
,,
,,
,,
,,
,,
,,
,,
,,
,,
,,
,,
,,
,,
,,
,,
,,
,,
,,
,,
,,
,,
,,
,,
,,
,,
,,
,,
,,
,,
,,
,,
,,
,,
,,
,,
,,
,,
,,
,,
,,
,,
,,
,,
,,
,,
,,
,,
,,
,,
,,
,,
,,
,,
,,
,,
,,
,,
,,
,,
,,
,,
,,
,,
,,
,,
,,
,,
,,
,,
,,
,,
,,
,,
,,
,,
,,
,,
,,
,,
,,
,,
,,
,,
,,
,,
,,
,,
,,
,,
,,
,,
,,
,,
,,
,,
,,
,,
,,
,,
,,
,,
,,
,,
,,
,,
,,
,,
,,
,,
,,
,,
,,
,,
,,
,,
,,
,,
,,
,,
,,
,,
,,
,,
,,
,,
,,
,,
,,
,,
,,
,,
,,
,,
,,
,,
,,
,,
,,
,,
,,
,,
,,
,,
,,
,,
,,
,,
,,
,,
,,
,,
,,
,,
,,
,,
,,
,,
,,
,,
,,
,,
,,
,,
,,
,,
,,
,,
,,
,,
,,
,,
,,
,,
,,
,,
,,
,,
,,
,,
,,
,,
,,
,,
,,
,,
,,
,,
,,
,,
,,
,,
,,
,,
,,
,,
,,
,,
,,
,,
,,
,,
,,
,,
,,
,,
,,
,,
,,
,,
,,
,,
,,
,,
,,
,,
,,
,,
,,
,,
,,
,,
,,
,,
,,
,,
,,
,,
,,
,,
,,
,,
,,
,,
,,
,,
,,
,,
,,
,,
,,
,,
,,
,,
,,
,,
,,
,,
,,
,,
,,
,,
,,
,,
,,
,,
,,
,,
,,
,,
,,
,,
,,
,,
,,
,,
,,
,,
,,
,,
,,
,,
,,
,,
,,
,,
,,
,,
,,
,,
,,
,,
,,
,,
,,
,,
,,
,,
,,
,,
,,
,,
,,
,,
,,
,,
,,
,,
,,
,,
,,
,,
,,
,,
,,
,,
,,
,,
,,
,,
,,
,,
,,
,,
,,
,,
,,
,,
,,
,,
,,
,,
,,
,,
,,
,,
,,
,,
,,
,,
,,
,,
,,
,,
,,
,,
,,
,,
,,
,,
,,
,,
,,
,,
,,
,,
,,
,,
,,
,,
,,
,,
,,
,,
,,
,,
,,
,,
,,
,,
,,
,,
,,
,,
,,
,,
,,
,,
,,
,,
,,
,,
,,
,,
,,
,,
,,
,,
,,
,,
,,
,,
,,
,,
,,
,,
,,
,,
,,
,,
,,
,,
,,
,,
,,
,,
,,
,,
,,
,,
,,
,,
,,
,,
,,
,,
,,
,,
,,
,,
,,
,,
,,
,,
,,
,,
,,
,,
,,
,,
,,
,,
,,
,,
,,
,,
,,
,,
,,
,,
,,
,,
,,
,,
,,
,,
,,
,,
,,
,,
,,
,,
,,
,,
,,
,,
,,
,,
,,
,,
,,
,,
,,
,,
,,
,,
,,
,,
,,
,,
,,
,,
,,
,,
,,
,,
,,
,,
,,
,,
,,
,,
,,
,,
,,
,,
,,
,,
,,
,,
,,
,,
,,
,,
,,
,,
,,
,,
,,
,,
,,
,,
,,
,,
,,
,,
,,
,,
,,
,,
,,
,,
,,
,,
,,
,,
,,
,,
,,
,,
,,
,,
,,
,,
,,
,,
,,
,,
,,
,,
,,
,,
,,
,,
,,
,,
,,
,,
,,
,,
,,
,,
,,
,,
,,
,,
,,
,,
,,
,,
,,
,,
,,
,,
,,
,,
,,
,,
,,
,,
,,
,,
,,
,,
,,
,,
,,
,,
,,
,,
,,
,,
,,
,,
,,
,,
,,
,,
,,
,,
,,
,,
,,
,,
,,
,,
,,
,,
,,
,,
,,
,,
,,
,,
,,
,,
,,
,,
,,
,,
,,
,,
,,
,,
,,
,,
,,
,,
,,
,,
,,
,,
,,
,,
,,
,,
,,
,,
,,
,,
,,
,,
,,
,,
,,
,,
,,
,,
,,
,,
,,
,,
,,
,,
,,
,,
,,
,,
,,
,,
,,
,,
,,
,,
,,
,,
,,
,,
,,
,,
,,
,,
,,
,,
,,
,,
,,
,,
,,
,,
,,
,,
,,
,,
,,
,,
,,
,,
,,
,,
,,
,,
,,
,,
,,
,,
,,
,,
,,
,,
,,
,,
,,
,,
,,
,,
,,
,,
,,
,,
,,
,,
,,
,,
,,
,,
,,
,,
,,
,,
,,
,,
,,
,,
,,
,,
,,
,,
,,
,,
,,
,,
,,
,,
,,
,,
,,
,,
,,
,,
,,
,,
,,
,,
,,
,,
,,
,,
,,
,,
,,
,,
,,
,,
,,
,,
,,
,,
,,
,,
,,
,,
,,
,,
,,
,,
,,
,,
,,
,,
,,
,,
,,
,,
,,
,,
,,
,,
,,
,,
,,
,,
,,
,,
,,
,,
,,
,,
,,
,,
,,
,,
,,
,,
,,
,,
,,
,,
,,
,,
,,
,,
,,
,,
,,
,,
,,
,,
,,
,,
,,
,,
,,
,,
,,
,,
,,
,,
,,
,,
,,
,,
,,
,,
,,
,,
,,
,,
,,
,,
,,
,,
,,
,,
,,
,,
,,
,,
,,
,,
,,
,,
,,
,,
,,
,,
,,
,,
,,
,,
,,
,,
,,
,,
,,
,,
,,
,,
,,
,,
,,
,,
,,
,,
,,
,,
,,
,,
,,
,,
,,
,,
,,
,,
,,
,,
,,
,,
,,
,,
,,
,,
,,
,,
,,
,,
,,
,,
,,
,,
,,
,,
,,
,,
,,
,,
,,
,,
,,
,,
,,
,,
,,
,,
,,
,,
,,
,,
,,
,,
,,
,,
,,
,,
,,
,,
,,
,,
,,
,,
,,
,,
,,
,,
,,
,,
,,
,,
,,
,,
,,
,,
,,
,,
,,
,,
,,
,,
,,
,,
,,
,,
,,
,,
,,
,,
,,
,,
,,
,,
,,
,,
,,
,,
,,
,,
,,
,,
,,
,,
,,
,,
,,
,,
,,
,,
,,
,,
,,
,,
,,
,,
,,
,,
,,
,,
,,
,,
,,
,,
,,
,,
,,
,,
,,
,,
,,
,,
,,
,,
,,
,,
,,
,,
,,
,,
,,
,,
,,
,,
,,
,,
,,
,,
,,
,,
,,
,,
,,
,,
,,
,,
,,
,,
,,
,,
,,
,,
,,
,,
,,
,,
,,
,,
,,
,,
,,
,,
,,
,,
,,
,,
,,
,,
,,
,,
,,
,,
,,
,,
,,
,,
,,
,,
,,
,,
,,
,,
,,
,,
,,
,,
,,
,,
,,
,,
,,
,,
,,
,,
,,
,,
,,
,,
,,
,,
,,
,,
,,
,,
,,
,,
,,
,,
,,
,,
,,
,,
,,
,,
,,
,,
,,
,,
,,
,,
,,
,,
,,
,,
,,
,,
,,
,,
,,
,,
,,
,,
,,
,,
,,
,,
,,
,,
,,
,,
,,
,,
,,
,,
,,
,,
,,
,,
,,
,,
,,
,,
,,
,,
,,
,,
,,
,,
,,
,,
,,
,,
,,
,,
,,
,,
,,
,,
,,
,,
,,
,,
,,
,,
,,
,,
,,
,,
,,
,,
,,
,,
,,
,,
,,
,,
,,
,,
,,
,,
,,
,,
,,
,,
,,
,,
,,
,,
,,
,,
,,
,,
,,
,,
,,
,,
,,
,,
,,
,,
,,
,,
,,
,,
,,
,,
,,
,,
,,
,,
,,
,,
,,
,,
,,
,,
,,
,,
,,
,,
,,
,,
,,
,,
